{"cameraMode":{"drawMode":0,"name":"Shaded","section":"Shading Mode"},"sceneLighting":true,"audioPlay":false,"sceneViewState":{"m_AlwaysRefresh":false,"showFog":true,"showSkybox":true,"showFlares":true,"showImageEffects":true,"showParticleSystems":true,"showVisualEffectGraphs":true,"m_FxEnabled":true},"in2DMode":false,"pivot":{"x":-11.960286140441895,"y":1.548110008239746,"z":33.39109420776367},"rotation":{"x":0.3652666211128235,"y":-0.04605397209525108,"z":0.018092002719640733,"w":0.9295929670333862},"size":29.24002456665039,"orthographic":false}