{"cameraMode":{"drawMode":0,"name":"Shaded","section":"Shading Mode"},"sceneLighting":true,"audioPlay":false,"sceneViewState":{"m_AlwaysRefresh":false,"showFog":true,"showSkybox":true,"showFlares":true,"showImageEffects":true,"showParticleSystems":true,"showVisualEffectGraphs":true,"m_FxEnabled":true},"in2DMode":false,"pivot":{"x":1.0236501693725587,"y":3.9439711570739748,"z":-4.874032497406006},"rotation":{"x":0.24719540774822236,"y":0.023251764476299287,"z":-0.005938611924648285,"w":0.968674898147583},"size":1.1710026264190674,"orthographic":false}