{"cameraMode":{"drawMode":0,"name":"Shaded","section":"Shading Mode"},"sceneLighting":true,"audioPlay":false,"sceneViewState":{"m_AlwaysRefresh":false,"showFog":true,"showSkybox":true,"showFlares":true,"showImageEffects":true,"showParticleSystems":true,"showVisualEffectGraphs":true,"m_FxEnabled":true},"in2DMode":false,"pivot":{"x":-46.03502655029297,"y":-0.018299125134944917,"z":54.430416107177737},"rotation":{"x":-0.10220430791378021,"y":0.6824495792388916,"z":-0.09739213436841965,"w":-0.7172543406486511},"size":3.0290040969848635,"orthographic":false}