{"cameraMode":{"drawMode":0,"name":"Shaded","section":"Shading Mode"},"sceneLighting":true,"audioPlay":false,"sceneViewState":{"m_AlwaysRefresh":false,"showFog":true,"showSkybox":true,"showFlares":true,"showImageEffects":true,"showParticleSystems":true,"showVisualEffectGraphs":true,"m_FxEnabled":true},"in2DMode":false,"pivot":{"x":1.3274413347244263,"y":0.8517494797706604,"z":2.914259910583496},"rotation":{"x":0.01820746250450611,"y":-0.45062771439552309,"z":0.009193118661642075,"w":0.892482578754425},"size":2.806818962097168,"orthographic":false}